name,phone,address,website,instagram,facebook,ig_post_count,ig_followers
Untied - Rooftop Sydney,+61 2 8322 2099,"Lvl 4/400 Barangaroo Ave, Barangaroo NSW 2000, Australia",https://www.untiedsydney.com.au/?utm_source=google&utm_medium=organic&utm_campaign=gmb&utm_term=plcid_8384449097513870665,https://www.instagram.com/untied_sydney,https://www.facebook.com/untiedsydney,0,0
The Rook,+61 2 8322 2008,"level 7/56-58 York St, Sydney NSW 2000, Australia",https://www.therook.com.au/?utm_source=google&utm_medium=organic&utm_campaign=gmb&utm_term=plcid_657992725252153445,https://www.instagram.com/therooksydney,https://www.facebook.com/TheRookSydney,0,0
Babylon Rooftop & Garden Bar, +61 2 9023 9990," Level 7/182 Pitt St, Sydney NSW 2000, Australia",http://babylonrooftop.com.au,https://www.instagram.com/babylonrooftop,https://www.facebook.com/babylonrooftop,0,0
The Rooftop Sydney, +61 2 9267 3100," Level 3/200 Sussex St, Sydney NSW 2000, Australia",http://therooftop.com.au,N/A,N/A,0,0
CIRQ Rooftop Bar & Lounge, +61 2 8871 7171," Level 26/1 Barangaroo Ave, Barangaroo NSW 2000, Australia",https://www.crownsydney.com.au/bars/cirq,https://www.instagram.com/crownsydney,https://www.facebook.com/CrownSydney,0,0
Old Mate's Place,N/A," level 4/199 Clarence St, Sydney NSW 2000, Australia",http://oldmates.sydney,N/A,https://www.facebook.com/oldmatesplace,0,0
Bar 83 at Sydney Tower, +61 1300 391 808," Westfield Sydney, Level 4/108 Market St, Sydney NSW 2000, Australia",https://www.bar83sydneytower.com.au,https://www.instagram.com/bar83sydneytower,https://facebook.com/bar83sydneytower,0,0
Jimmy's Rooftop, +61 2 9114 7307," Level 4/320 George St, Sydney NSW 2000, Australia",https://merivale.com/venues/jimmys-rooftop/?utm_source=googlemybusiness&utm_medium=organic&utm_campaign=jimmysrooftop&utm_content=website,https://www.instagram.com/merivale,https://www.facebook.com/merivalegroup,0,0
"Martinez — Restaurant, Terrace and Bar", +61 2 9072 9300," opposite Hinchcliff House, Quay Quarter Tower, Express lift entrance off Young Street, Ground Lobby/50 Bridge St, Sydney NSW 2000, Australia",https://www.martinez.sydney,https://www.instagram.com/martinez__sydney,https://www.facebook.com/profile.php?id=61558185827796,0,0
Zephyr, +61 2 8099 1234," Level 12/161 Sussex St, Sydney NSW 2000, Australia",https://zephyrbarsydney.com,https://www.instagram.com/zephyrbarsyd,https://www.facebook.com/zephyrbarsyd,0,0
Fortune Village Chinese Restaurant,+61 2 9299 7273,"209 Clarence St, Sydney NSW 2000, Australia",http://www.fortunevillage.com.au,N/A,https://facebook.com/fortunevillagerestaurant,0,0
Mr. Wong, +61 2 9968 4880," 2A The Esplanade, Mosman NSW 2088, Australia",https://publicdiningroom.com.au,https://www.instagram.com/publicdiningroom,https://www.facebook.com/publicdiningroom,0,0
Spice Temple Sydney, +61 2 8099 7088," 10 Bligh St, Sydney NSW 2000, Australia",https://spicetemple.com.au/spice-temple-sydney/?utm_source=google&utm_medium=organic&utm_campaign=gmb&utm_content=sydney,https://www.instagram.com/spice.temple,https://www.facebook.com/spicetemplesydney,0,0
China Lane, +61 2 9231 3939," 2 Angel Pl, Sydney NSW 2000, Australia",http://www.chinalane.com.au,N/A,N/A,0,0
TAO Chinese Restaurant Sydney CBD, +61 402 518 698," 176 Clarence St, Sydney NSW 2000, Australia",https://www.taogroup.com.au/en/tao,https://www.instagram.com/taochineserestaurant,N/A,0,0
Chinese Noodle Restaurant,N/A," 52A Erskine St, Sydney NSW 2000, Australia",N/A,N/A,N/A,0,0
Lotus Barangaroo, +61 2 5837 5236," 8/9 Wulugul Walk, Barangaroo NSW 2000, Australia",https://www.lotusdininggroup.com/restaurant/barangaroo/?utm_content=Lotus+Barangaroo+-+Sydney&utm_campaign=Google+My+Business&utm_medium=organic&utm_source=google&utm_term=plcid_4928466636165953009,https://www.instagram.com/lotusdininggroup,https://www.facebook.com/lotusdiningaustralia,0,0
Spice World, +61 406 697 900," 403a/411 Sussex St, Haymarket NSW 2000, Australia",N/A,N/A,N/A,0,0
Neptune Palace Restaurant, +61 2 9241 3338," Corner of Pitt and Gateway, Building Level/1 Alfred St, Sydney NSW 2000, Australia",http://www.neptunepalace.com.au,https://www.instagram.com/neptunepalace,https://www.facebook.com/neptunepalacesydney,0,0
Best Gourmet Restaurant Newtown, +61 422 134 388," 234 King St, Newtown NSW 2042, Australia",https://bestgourmetrestaurantnewtown.website,N/A,N/A,0,0
