name,address,phone,website,instagram,facebook
SOHO Gym + Recovery,"Wentworth Connection, Shop B5/2A Bligh St, Sydney NSW 2000, Australia",+61 451 137 819,https://soho.sydney,N/A,N/A
City Gym Sydney,"107 Crown St, Darlinghurst NSW 2010, Australia",+61 2 9360 6247,http://www.citygym.com.au,N/A,N/A
Anytime Fitness Martin Place," 80 Elizabeth St, Sydney NSW 2000, Australia", +61 460 331 223,https://www.anytimefitness.com/en-au/membership-inquiry?location_id=AU-1573,N/A,N/A
ONYX Gym & Fitness 24/7," 20 Bowden St, Alexandria NSW 2015, Australia", +61 2 9184 7762,https://onyxgym.com.au,N/A,N/A
Anytime Fitness Haymarket," Lower Ground, Floor, 725/731 George St, Haymarket NSW 2000, Australia", +61 423 741 895,https://www.anytimefitness.com.au/gyms/au-1629/haymarket-nsw-2000/?utm_source=google&utm_medium=organic&utm_campaign=gmb,N/A,N/A
Snap Fitness 24/7 Sydney City," 35 Clarence St, Sydney NSW 2000, Australia", +61 451 433 436,https://www.snapfitness.com/au/gyms/sydney-city?utm_source=gmb&utm_medium=yext,N/A,N/A
Anytime Fitness Chippendale," 110, Central Park Mall, 28 Broadway, Chippendale NSW 2008, Australia", +61 427 091 806,https://www.anytimefitness.com.au/gyms/au-1744/chippendale-nsw-2008,N/A,N/A
Anytime Fitness Circular Quay," 1/22 Pitt St, Sydney NSW 2000, Australia", +61 484 926 351,https://www.anytimefitness.com/en-au/membership-inquiry?location_id=AU-1476,N/A,N/A
Premier Health & Fitness," 170 Castlereagh St, Sydney NSW 2000, Australia", +61 2 8319 0444,https://premierhealthandfitness.com.au/sydneycbd,N/A,N/A
Plus Fitness 24/7," 25 Market St, Sydney NSW 2000, Australia", +61 2 9264 0777,https://www.plusfitness.com.au/gyms/market-st--sydney-cbd/?utm_source=google&utm_medium=organic&utm_campaign=place-business-listing,N/A,N/A
Revo Fitness - Pitt St Sydney," Westfield Sydney, Shop 5001/Level 5/188 Pitt St, Sydney NSW 2000, Australia", +61 1300 738 638,https://revofitness.com.au/gyms/pitt-st,N/A,N/A
Anytime Fitness Hyde Park," Level 4/227 Elizabeth St, Sydney NSW 2000, Australia", +61 413 252 695,https://www.anytimefitness.com/en-au/membership-inquiry?location_id=AU-1408,N/A,N/A
Ultimate Fitness Centre - 305 Kent & 120 Sussex St Sydney," Ground Floor/305 Kent St, Sydney NSW 2000, Australia", +61 409 207 575,http://ultimatefitnesscentre.com.au,N/A,N/A
Fitness First Market St Platinum," 2 Market St, Sydney NSW 2000, Australia", +61 2 8117 3300,https://www.fitnessfirst.com.au/clubs/market-st-platinum/?utm_source=gbp&utm_medium=organic&utm_campaign=FF%20-%20AO%20-%20GBP%20-%20GOO%20-%20AU&utm_content=Fitness%20First%20Market%20St%20Platinum%20-%20Sydney&utm_term=plcid_3459364285061553207,N/A,N/A
168 Sydney City," 259 Sussex St, Sydney NSW 2000, Australia", +61 404 411 581,http://crossfit168.com.au,N/A,N/A
SOMA Health & Wellness Club," Aurora Place, Ground Floor/88 Phillip St, Sydney NSW 2000, Australia", +61 2 9169 9849,https://www.somacollection.com.au,N/A,N/A
Fitness First Park St Platinum," The Galeries, Level 1/500 George St, Sydney NSW 2000, Australia", +61 2 8263 3000,https://www.fitnessfirst.com.au/clubs/park-st-platinum/?utm_source=gbp&utm_medium=organic&utm_campaign=FF%20-%20AO%20-%20GBP%20-%20GOO%20-%20AU&utm_content=Fitness%20First%20Park%20St%20Platinum%20-%20Sydney&utm_term=plcid_6908500264226752477,N/A,N/A
Fernwood Fitness," 446-454 King Georges Rd, Beverly Hills NSW 2209, Australia", +61 2 9150 0630,https://www.fernwoodfitness.com.au/clubs/beverly-hills,N/A,N/A
Snap Fitness 24/7 Box Hill," Cnr of Windsor Road &, Carmel Village Shopping Centre, Level 1, Shop 31 Mount Carmel Dr, Box Hill NSW 2765, Australia", +61 431 885 229,https://www.snapfitness.com/au/gyms/box-hill?utm_source=extnet&utm_medium=yext,N/A,N/A
UFC GYM Signature," 580 George St, Sydney NSW 2000, Australia", +61 2 8905 0892,https://www.ufcgym.com.au/580george,N/A,N/A
One Playground Newtown," Level 1/672 King St, Newtown NSW 2043, Australia", +61 2 9516 0466,https://oneplayground.com.au/gyms/newtown/?utm_source=google&utm_medium=organic&utm_campaign=gmb_newtown,N/A,N/A
NYF GYM," 290 Victoria St, Darlinghurst NSW 2010, Australia", +61 450 020 122,http://nyfgym.com.au,N/A,N/A
Plus Fitness 24/7 North Sydney," G02/75 Miller St, North Sydney NSW 2060, Australia", +61 2 8920 8766,https://www.plusfitness.com.au/gyms/north-sydney/?utm_source=google&utm_medium=organic&utm_campaign=place-business-listing,N/A,N/A
Fitness First Pitt St Platinum," 255 Pitt St, Sydney NSW 2000, Australia", +61 2 8330 1700,https://www.fitnessfirst.com.au/clubs/pitt-st-platinum/?utm_source=gbp&utm_medium=organic&utm_campaign=FF%20-%20AO%20-%20GBP%20-%20GOO%20-%20AU&utm_content=Fitness%20First%20Pitt%20St%20Platinum%20-%20Sydney&utm_term=plcid_266542334387623692,N/A,N/A
Virgin Active Bligh Street Gym," 2 Bligh St, Sydney NSW 2000, Australia", +61 2 8650 4400,https://www.virginactive.com.au/locations/bligh-street?utm_source=google&utm_medium=organic&utm_campaign=gbp&utm_content=bligh-street,N/A,N/A
BFT Town Hall," LG/117 York St, Sydney NSW 2000, Australia", +61 415 130 226,https://l.bft.studio/townhall/gmb,N/A,N/A
Anytime Fitness Redfern," 78-80 George St, Redfern NSW 2016, Australia", +61 456 460 970,https://club.anytimefitness.com.au/redfern-nsw,N/A,N/A
UN1T GYM Alexandria," Unit 39-40/112 McEvoy St, Alexandria NSW 2015, Australia", +61 422 615 121,https://un1t.com/au/sydney,N/A,N/A
One Playground North Sydney," 155B Miller St, North Sydney NSW 2060, Australia", +61 1800 496 348,https://oneplayground.com.au/gyms/northsydney?utm_source=google&utm_medium=organic&utm_campaign=gmb_northsydney,N/A,N/A
The Bunker Gym," 69-81 Foveaux St, Surry Hills NSW 2010, Australia", +61 2 8098 0508,https://oneplayground.com.au/locations/the-bunker/?utm_source=google&utm_medium=organic&utm_campaign=gmb_bunker,N/A,N/A
Anytime Fitness Pyrmont," 1/210 Harris St, Pyrmont NSW 2009, Australia", +61 460 966 560,https://club.anytimefitness.com.au/pyrmont-nsw,N/A,N/A
"The Jungle Body Sydney - Circular Quay, CBD, & Darlinghurst,"," 180 George St, Sydney NSW 2000, Australia", +61 420 427 766,http://www.thejunglebodysydney.com,N/A,N/A
Fitness First The Zone Platinum," 175 Pitt St, Sydney NSW 2000, Australia", +61 2 9225 3900,https://www.fitnessfirst.com.au/clubs/the-zone-platinum/?utm_source=gbp&utm_medium=organic&utm_campaign=FF%20-%20AO%20-%20GBP%20-%20GOO%20-%20AU&utm_content=Fitness%20First%20The%20Zone%20Platinum%20-%20Sydney&utm_term=plcid_8621759168257411481,N/A,N/A
One Playground Surry Hills," 429 Elizabeth St, Surry Hills NSW 2010, Australia", +61 2 9211 3070,https://oneplayground.com.au/gyms/surry-hills/?utm_source=google&utm_medium=organic&utm_campaign=gmb_surryhills,N/A,N/A
Steed Fitness Chippendale," Ste 1/36-42 Chippen St, Chippendale NSW 2008, Australia", +61 426 775 706,http://www.steedfitness.com.au/?utm_source=google&utm_medium=local&utm_campaign=1&utm_content=primary,N/A,N/A
